{
    "RMSE": 0.582613370459638,
    "MAE": 0.33943833943833945,
    "R2": -0.4307564693905761
}